{"cameraMode":{"drawMode":0,"name":"Shaded","section":"Shading Mode"},"sceneLighting":false,"audioPlay":false,"sceneViewState":{"m_AlwaysRefresh":false,"showFog":true,"showSkybox":false,"showFlares":true,"showImageEffects":true,"showParticleSystems":true,"showVisualEffectGraphs":true,"m_FxEnabled":true},"in2DMode":false,"pivot":{"x":-2.016606330871582,"y":0.4118274748325348,"z":0.14458811283111573},"rotation":{"x":0.4250504672527313,"y":0.37675464153289797,"z":-0.20062248408794404,"w":0.7982147336006165},"size":1.404327154159546,"orthographic":false}