{"cameraMode":{"drawMode":0,"name":"Shaded","section":"Shading Mode"},"sceneLighting":true,"audioPlay":false,"sceneViewState":{"m_AlwaysRefresh":false,"showFog":true,"showSkybox":true,"showFlares":true,"showImageEffects":true,"showParticleSystems":true,"showVisualEffectGraphs":true,"m_FxEnabled":true},"in2DMode":false,"pivot":{"x":-0.5023386478424072,"y":3.431820869445801,"z":1.6638689041137696},"rotation":{"x":-0.10958109796047211,"y":0.014012605883181095,"z":-0.0015489165671169758,"w":-0.993895947933197},"size":7.218293190002441,"orthographic":false}