{"cameraMode":{"drawMode":0,"name":"Shaded","section":"Shading Mode"},"sceneLighting":false,"audioPlay":false,"sceneViewState":{"m_AlwaysRefresh":false,"showFog":true,"showSkybox":false,"showFlares":true,"showImageEffects":true,"showParticleSystems":true,"showVisualEffectGraphs":true,"m_FxEnabled":true},"in2DMode":false,"pivot":{"x":18.200000762939454,"y":1.0999999046325684,"z":-17.399999618530275},"rotation":{"x":0.4419788718223572,"y":0.005377992056310177,"z":-0.0026504918932914736,"w":0.8970121741294861},"size":1.2247447967529297,"orthographic":false}